time,result
6843.007666000631,PASSED
5150.3414580001845,PASSED
4913.877375001903,PASSED
7197.017209000478,PASSED
6724.427959001332,PASSED
7211.234832997434,PASSED
6738.160832999711,PASSED
5772.990583001956,PASSED
8902.105500001198,PASSED
5595.52708299816,PASSED
5073.8735839986475,PASSED
5343.421500001568,PASSED
5578.012166002736,PASSED
7817.961750002723,PASSED
5268.827375002729,PASSED
7099.302916001761,PASSED
9953.919542000222,PASSED
7359.43374999988,PASSED
5352.694041001087,PASSED
6467.994750000798,PASSED
