time,result
3070.139958002983,FAILED
3500.169790997461,FAILED
3325.974415998644,FAILED
3991.782749999402,FAILED
2786.0826670003007,PASSED
3211.019625003246,FAILED
2984.054249998735,PASSED
3283.2772080000723,FAILED
3405.7512910003425,PASSED
3287.762667001516,PASSED
3267.058084002201,FAILED
5880.636165999022,FAILED
2930.751625000994,PASSED
2808.0344579975645,PASSED
2920.8005830005277,PASSED
2751.060917002178,FAILED
4333.615709001606,PASSED
3227.15829200024,PASSED
3194.78587499907,PASSED
3012.114457997086,PASSED
