time,result
2100.24274999887,PASSED
1881.8405409983825,FAILED
1859.1377919983643,PASSED
2306.166624999605,FAILED
2555.571583998244,FAILED
2675.7361669988313,PASSED
1819.3702920034411,FAILED
3729.622750000999,FAILED
3688.080457999604,FAILED
2284.151124997152,FAILED
2304.779415997473,FAILED
2062.787707996904,PASSED
1766.715417001251,FAILED
3300.132374999521,FAILED
2157.1456249985204,PASSED
2414.443833000405,FAILED
1770.022249998874,FAILED
2027.2746670016204,FAILED
2673.055834002298,FAILED
2325.6759169998986,PASSED
